entidad_federativa,programacion_de_gasto_capitulo,num_partida,abril,mayo,junio,julio,agosto,septiembre,octubre,noviembre,diciembre,total
Baja California,2000 Materiales y suministros,21101,0,50000,20000,10000,10000,20000,10000,10000,10000,140000
Baja California,2000 Materiales y suministros,21201,0,20000,0,10000,0,20000,0,0,0,50000
Baja California,2000 Materiales y suministros,21401,0,30000,20000,0,20000,0,10000,0,0,80000
Baja California,2000 Materiales y suministros,21601,0,10000,10000,10000,10000,10000,10000,10000,0,70000
Baja California,2000 Materiales y suministros,22104,0,30000,8000,5000,5000,5000,5000,12000,0,70000
Baja California,2000 Materiales y suministros,24601,0,25000,0,0,0,0,0,0,0,25000
Baja California,2000 Materiales y suministros,24801,0,25000,25000,0,0,0,0,0,0,50000
Baja California,2000 Materiales y suministros,26103,0,10000,8000,8000,8000,8000,8000,8000,8000,66000
Baja California,2000 Materiales y suministros,27101,0,50000,0,50000,0,0,0,0,0,100000
Baja California,2000 Materiales y suministros,29201,0,50000,5000,5000,5000,5000,5000,5000,5000,85000
Baja California,2000 Materiales y suministros,29401,0,20000,20000,20000,20000,20000,20000,0,0,120000
Baja California,3000 Servicios generales,31101,0,250000,250000,250000,250000,250000,250000,250000,250000,2000000
Baja California,3000 Servicios generales,31301,0,40000,40000,40000,40000,40000,40000,40000,40000,320000
Baja California,3000 Servicios generales,31603,0,4000,4000,4000,4000,4000,4000,4000,4000,32000
Baja California,3000 Servicios generales,31801,0,1000,1000,1000,1000,1000,1000,1000,1000,8000
Baja California,3000 Servicios generales,32201,0,864000,432000,432000,432000,432000,432000,432000,432000,3888000
Baja California,3000 Servicios generales,32301,0,200000,0,0,200000,0,0,200000,0,600000
Baja California,3000 Servicios generales,32302,0,25000,25000,25000,25000,25000,25000,25000,25000,200000
Baja California,3000 Servicios generales,33602,0,10000,10000,10000,0,0,0,0,0,30000
Baja California,3000 Servicios generales,33604,0,65000,15000,10000,0,10000,0,0,0,100000
Baja California,3000 Servicios generales,35101,0,20000,20000,20000,20000,20000,20000,20000,20000,160000
Baja California,3000 Servicios generales,35801,0,5000,5000,5000,5000,5000,5000,5000,5000,40000
Baja California,3000 Servicios generales,35901,0,7500,7500,7500,7500,7500,7500,7500,7500,60000
Baja California,3000 Servicios generales,37204,0,10000,10000,10000,5000,5000,5000,5000,0,50000
Baja California,3000 Servicios generales,37504,0,100000,50000,50000,50000,50000,50000,20000,20000,390000
Baja California,3000 Servicios generales,38201,0,50000,50000,50000,0,0,0,0,0,150000
Baja California Sur,2000 Materiales y suministros,21101,10000,5000,8000,5000,10000,10000,10000,10000,3000,71000
Baja California Sur,2000 Materiales y suministros,21201,0,0,0,0,0,0,0,0,0,0
Baja California Sur,2000 Materiales y suministros,21301,0,0,0,0,0,0,0,0,0,0
Baja California Sur,2000 Materiales y suministros,21401,13000,10000,0,3000,0,20000,3000,0,0,49000
Baja California Sur,2000 Materiales y suministros,21501,5000,5000,0,0,0,5000,0,10000,0,25000
Baja California Sur,2000 Materiales y suministros,21601,3500,3500,3500,3500,3500,3500,3500,3500,3500,31500
Baja California Sur,2000 Materiales y suministros,22102,0,0,0,0,0,0,0,0,0,0
Baja California Sur,2000 Materiales y suministros,22103,0,0,0,0,0,0,0,0,0,0
Baja California Sur,2000 Materiales y suministros,22104,5500,5500,5500,5500,5500,5500,5500,5500,5500,49500
Baja California Sur,2000 Materiales y suministros,23301,0,0,0,0,0,0,0,0,0,0
Baja California Sur,2000 Materiales y suministros,24601,0,1000,1000,1000,500,500,500,500,500,5500
Baja California Sur,2000 Materiales y suministros,24801,0,25000,25000,0,0,0,0,0,0,50000
Baja California Sur,2000 Materiales y suministros,25301,0,0,0,0,0,0,0,0,0,0
Baja California Sur,2000 Materiales y suministros,25401,0,0,0,0,0,0,0,0,0,0
Baja California Sur,2000 Materiales y suministros,25501,0,0,0,0,0,0,0,0,0,0
Baja California Sur,2000 Materiales y suministros,25901,0,0,0,0,0,0,0,0,0,0
Baja California Sur,2000 Materiales y suministros,26102,0,0,0,0,0,0,0,0,0,0
Baja California Sur,2000 Materiales y suministros,26103,100000,300000,300000,300000,300000,300000,300000,300000,300000,2500000
Baja California Sur,2000 Materiales y suministros,26106,0,0,0,0,0,0,0,0,0,0
Baja California Sur,2000 Materiales y suministros,27101,0,210000,0,0,0,0,0,0,0,210000
Baja California Sur,2000 Materiales y suministros,27201,0,0,0,0,0,0,0,0,0,0
Baja California Sur,2000 Materiales y suministros,27401,0,0,0,0,0,0,0,0,0,0
Baja California Sur,2000 Materiales y suministros,27501,0,0,0,0,0,0,0,0,0,0
Baja California Sur,2000 Materiales y suministros,29301,0,0,0,0,0,0,0,0,0,0
Baja California Sur,2000 Materiales y suministros,29401,0,10000,0,0,10000,0,0,0,0,20000
Baja California Sur,2000 Materiales y suministros,29601,0,5000,25555,5000,5000,25000,5000,25000,5000,100555
Baja California Sur,2000 Materiales y suministros,29801,0,0,0,0,0,0,0,0,0,0
Baja California Sur,2000 Materiales y suministros,29901,0,0,0,0,0,0,0,0,0,0
Baja California Sur,3000 Servicios generales,31101,250000,250000,250000,250000,250000,250000,250000,250000,250000,2250000
Baja California Sur,3000 Servicios generales,31201,0,0,0,0,0,0,0,0,0,0
Baja California Sur,3000 Servicios generales,31301,5000,5000,5000,5000,5000,5000,5000,5000,5000,45000
Baja California Sur,3000 Servicios generales,31603,30000,30000,30000,30000,30000,30000,30000,30000,30000,270000
Baja California Sur,3000 Servicios generales,31902,0,0,0,0,0,0,0,0,0,0
Baja California Sur,3000 Servicios generales,31904,0,0,0,0,0,0,0,0,0,0
Baja California Sur,3000 Servicios generales,32201,0,0,0,0,0,0,0,0,0,0
Baja California Sur,3000 Servicios generales,32301,0,0,0,0,0,0,0,0,0,0
Baja California Sur,3000 Servicios generales,32302,0,0,0,0,0,0,0,0,0,0
Baja California Sur,3000 Servicios generales,32401,0,0,0,0,0,0,0,0,0,0
Baja California Sur,3000 Servicios generales,32502,0,0,0,0,0,0,0,0,0,0
Baja California Sur,3000 Servicios generales,32503,0,0,0,0,0,0,0,0,0,0
Baja California Sur,3000 Servicios generales,32504,0,0,0,0,0,0,0,0,0,0
Baja California Sur,3000 Servicios generales,32505,0,0,0,0,0,0,0,0,0,0
Baja California Sur,3000 Servicios generales,32601,0,0,0,0,0,0,0,0,0,0
Baja California Sur,3000 Servicios generales,32902,0,0,0,0,0,0,0,0,0,0
Baja California Sur,3000 Servicios generales,32903,0,0,0,0,0,0,0,0,0,0
Baja California Sur,3000 Servicios generales,33104,0,0,0,0,0,0,0,0,0,0
Baja California Sur,3000 Servicios generales,33105,0,0,0,0,0,0,0,0,0,0
Baja California Sur,3000 Servicios generales,33201,0,0,0,0,0,0,0,0,0,0
Baja California Sur,3000 Servicios generales,33301,0,0,0,0,0,0,0,0,0,0
Baja California Sur,3000 Servicios generales,33304,0,0,0,0,0,0,0,0,0,0
Baja California Sur,3000 Servicios generales,33401,0,0,0,0,0,0,0,0,0,0
Baja California Sur,3000 Servicios generales,33602,0,0,0,0,0,0,0,0,0,0
Baja California Sur,3000 Servicios generales,33604,0,0,0,0,0,0,0,0,0,0
Baja California Sur,3000 Servicios generales,33605,0,0,0,0,0,0,0,0,0,0
Baja California Sur,3000 Servicios generales,33606,0,0,0,0,0,0,0,0,0,0
Baja California Sur,3000 Servicios generales,33801,0,84000,84000,84000,84000,84000,84000,84000,84000,672000
Baja California Sur,3000 Servicios generales,33901,0,0,0,0,0,0,0,0,0,0
Baja California Sur,3000 Servicios generales,33903,0,0,0,0,0,0,0,0,0,0
Baja California Sur,3000 Servicios generales,33904,0,0,0,0,0,0,0,0,0,0
Baja California Sur,3000 Servicios generales,35401,0,0,0,0,0,0,0,0,0,0
Baja California Sur,3000 Servicios generales,35501,0,2000,8000,2000,2000,8000,2000,8000,2000,34000
Baja California Sur,3000 Servicios generales,35801,0,75600,75600,75600,75600,75600,75600,75600,75600,604800
Baja California Sur,3000 Servicios generales,35901,0,5000,0,0,0,5000,0,0,5000,15000
Baja California Sur,3000 Servicios generales,37101,0,0,0,0,0,0,0,0,0,0
Baja California Sur,3000 Servicios generales,37102,0,0,0,0,0,0,0,0,0,0
Baja California Sur,3000 Servicios generales,37104,200000,200000,200000,200000,200000,200000,200000,200000,200000,1800000
Baja California Sur,3000 Servicios generales,37201,20000,20000,20000,20000,20000,20000,20000,20000,20000,180000
Baja California Sur,3000 Servicios generales,37202,0,0,0,0,0,0,0,0,0,0
Baja California Sur,3000 Servicios generales,37204,0,0,0,0,0,0,0,0,0,0
Baja California Sur,3000 Servicios generales,37206,0,0,0,0,0,0,0,0,0,0
Baja California Sur,3000 Servicios generales,37301,0,0,0,0,0,0,0,0,0,0
Baja California Sur,3000 Servicios generales,37303,0,0,0,0,0,0,0,0,0,0
Baja California Sur,3000 Servicios generales,37304,0,0,0,0,0,0,0,0,0,0
Baja California Sur,3000 Servicios generales,37501,750000,750000,750000,750000,750000,750000,750000,750000,750000,6750000
Baja California Sur,3000 Servicios generales,37504,134000,134000,134000,134000,134000,134000,134000,134000,134000,1206000
Baja California Sur,3000 Servicios generales,37701,0,0,0,0,0,0,0,0,0,0
Baja California Sur,3000 Servicios generales,37801,0,0,0,0,0,0,0,0,0,0
Baja California Sur,3000 Servicios generales,37802,0,0,0,0,0,0,0,0,0,0
Baja California Sur,3000 Servicios generales,38201,0,0,0,0,0,0,0,0,0,0
Baja California Sur,3000 Servicios generales,39301,0,0,0,0,0,0,0,0,0,0
Baja California Sur,3000 Servicios generales,39401,0,0,0,0,0,0,0,0,0,0
Baja California Sur,3000 Servicios generales,39403,0,0,0,0,0,0,0,0,0,0
Baja California Sur,3000 Servicios generales,39801,0,0,0,0,0,0,0,0,0,0
Baja California Sur,3000 Servicios generales,39906,0,0,0,0,0,0,0,0,0,0
Baja California Sur,3000 Servicios generales,39907,0,0,0,0,0,0,0,0,0,0
Campeche,2000 Materiales y suministros,21401,8333,8333,8333,8333,8334,8333,8334,8333,8334,75000
Campeche,2000 Materiales y suministros,21601,11111,11111,11111,11111,11111,11111,11112,11111,11111,100000
Campeche,2000 Materiales y suministros,22102,11111,11111,11111,11111,11111,11111,11111,11111,11112,100000
Campeche,2000 Materiales y suministros,27101,33333,33334,33333,33334,33334,33333,33333,33333,33333,300000
Campeche,2000 Materiales y suministros,29501,13333,13334,13333,13334,13334,13333,13333,13333,13333,120000
Campeche,3000 Servicios generales,31101,111111,111111,111111,111111,111111,111111,111111,111111,111112,1000000
Campeche,3000 Servicios generales,31301,11111,11111,11111,11111,11111,11111,11111,11111,11112,100000
Campeche,3000 Servicios generales,31902,18888,18890,18889,18890,18889,18888,18889,18888,18889,170000
Campeche,3000 Servicios generales,31904,2222,2223,2222,2223,2222,2222,2222,2222,2222,20000
Campeche,3000 Servicios generales,32201,0,0,0,0,0,0,0,0,0,0
Campeche,3000 Servicios generales,33304,0,0,16666,0,0,16667,0,0,16667,50000
Campeche,3000 Servicios generales,33401,0,0,0,50000,0,0,50000,0,50000,150000
Campeche,3000 Servicios generales,33604,44444,44445,44444,44444,44445,44444,44445,44444,44445,400000
Campeche,3000 Servicios generales,33801,44444,44445,44444,44444,44445,44444,44445,44444,44445,400000
Campeche,3000 Servicios generales,35401,0,0,100000,0,0,100000,0,0,100000,300000
Campeche,3000 Servicios generales,35501,0,125000,135000,225000,0,260000,0,125000,235000,1105000
Campeche,3000 Servicios generales,35801,34444,34445,34444,34445,34445,34444,34445,34444,34444,310000
Campeche,3000 Servicios generales,35901,5555,5556,5555,5556,5556,5555,5556,5555,5556,50000
Campeche,3000 Servicios generales,37101,0,0,0,0,0,0,0,0,0,0
Campeche,3000 Servicios generales,37104,38888,38890,38888,38890,38889,38888,38890,38888,38889,350000
Campeche,3000 Servicios generales,37201,11111,11111,11111,11111,11111,11111,11111,11111,11112,100000
Campeche,3000 Servicios generales,37204,5555,5556,5555,5556,5556,5555,5556,5555,5556,50000
Campeche,3000 Servicios generales,37501,55555,55556,55555,55556,55556,55555,55556,55555,55556,500000
Campeche,3000 Servicios generales,37504,55555,55556,55555,55556,55556,55555,55556,55555,55556,500000
Chiapas,2000 Materiales y suministros,21101,35748.71677,44462.12381,36002.678,38481.33677,36002.678,36002.678,38481.33677,36002.728,13334.058,314518.3341
Chiapas,2000 Materiales y suministros,21201,28899.52,30462.52,21576.44,32508.68,21576.44,23568.2,28899.52,19561.44,0,207052.76
Chiapas,2000 Materiales y suministros,21401,10718.4,10718.4,20318.4,2143.68,10718.4,2143.68,16436.8,2143.68,10718.4,86059.84
Chiapas,2000 Materiales y suministros,21601,8679.893,9139.023,9739.023,9139.023,9739.023,9139.023,9739.023,9139.023,9932.663,84385.717
Chiapas,2000 Materiales y suministros,22104,25670.24,36298.74,36901.94,36298.74,36298.74,36298.74,36298.74,36298.74,36298.74,316663.36
Chiapas,2000 Materiales y suministros,23301,0,7542.5,0,7542.5,7542.5,7542.5,8377.7,7542.5,0,46090.2
Chiapas,2000 Materiales y suministros,24601,2234.933,2234.933,2234.933,2234.933,2234.933,2234.933,2234.933,2234.933,2234.933,20114.397
Chiapas,2000 Materiales y suministros,24801,0,0,15000,11129.04,0,15000,0,0,0,41129.04
Chiapas,2000 Materiales y suministros,25301,0,0,10798,0,0,0,0,0,0,10798
Chiapas,2000 Materiales y suministros,26103,72539.76000000001,95181.6,99145.945,73587.92,83168.6,69668.6,87302.005,73074.92,74966.24,728635.59
Chiapas,2000 Materiales y suministros,27101,66816,37584,71000,0,0,0,0,0,0,175400
Chiapas,2000 Materiales y suministros,27201,0,0,300000,0,0,0,0,0,0,300000
Chiapas,2000 Materiales y suministros,29401,59829.520000000004,6040.48,24646.72,21005.64,24646.72,7540.48,28482.84,6244.24,11508.36,189945
Chiapas,3000 Servicios generales,31101,0,180000,0,180000,0,180000,0,180000,0,720000
Chiapas,3000 Servicios generales,31301,2500,2500,2500,2500,2500,2500,2500,2500,2500,22500
Chiapas,3000 Servicios generales,31603,6000,6000,6000,6000,6000,6000,6000,6000,6000,54000
Chiapas,3000 Servicios generales,31902,0,20000,20000,20000,20000,20000,20000,20000,20000,160000
Chiapas,3000 Servicios generales,32201,0,160000,160000,160000,160000,160000,160000,160000,160000,1280000
Chiapas,3000 Servicios generales,32302,0,2000,0,2000,0,2000,0,2000,0,8000
Chiapas,3000 Servicios generales,33801,0,20000,20000,20000,20000,20000,20000,20000,20000,160000
Chiapas,3000 Servicios generales,35801,25000,25000,25000,25000,25000,25000,25000,25000,25000,225000
Chiapas,3000 Servicios generales,37104,40500,40500,40500,40500,40500,40500,40500,40500,40500,364500
Chiapas,3000 Servicios generales,37204,4000,4000,4000,4000,4000,4000,4000,4000,4000,36000
Chiapas,3000 Servicios generales,37504,116400,187800,249200,193900,162300,152300,214100,175900,142300,1594200
Ciudad de México,2000 Materiales y suministros,21101,84904.5,84904.5,84904.5,84904.5,84904.5,84904.5,84904.5,84904.5,84904.5,764140.5
Ciudad de México,2000 Materiales y suministros,21401,8000,8000,8000,8000,8000,8000,8000,8000,8000,72000
Ciudad de México,2000 Materiales y suministros,21601,38763.2,38763.2,38763.2,38763.2,38763.2,38763.2,38763.2,38763.2,38763.2,348868.8
Ciudad de México,2000 Materiales y suministros,22102,10500,10500,10500,10500,10500,10500,10500,10500,10500,94500
Ciudad de México,2000 Materiales y suministros,22103,8500,8500,8500,8500,8500,8500,8500,8500,8500,76500
Ciudad de México,2000 Materiales y suministros,22104,23500,23500,23500,23500,23500,23500,23500,23500,23500,211500
Ciudad de México,2000 Materiales y suministros,22106,15800,15800,15800,15800,15800,15800,15800,15800,15800,142200
Ciudad de México,2000 Materiales y suministros,24601,22900,22900,22900,22900,22900,22900,22900,22900,22900,206100
Ciudad de México,2000 Materiales y suministros,25401,19900,19900,19900,19900,19900,19900,19900,19900,19900,179100
Ciudad de México,2000 Materiales y suministros,27101,0,383636,0,0,383636,0,0,383636,0,1150908
Ciudad de México,2000 Materiales y suministros,29101,19800,19800,19800,19800,19800,19800,19800,19800,19800,178200
Ciudad de México,2000 Materiales y suministros,29501,27545,27545,27545,27545,27545,27545,27545,27545,27545,247905
Ciudad de México,3000 Servicios generales,31101,0,0,0,495000,0,495000,0,495000,247500,1732500
Ciudad de México,3000 Servicios generales,31301,0,0,0,12500,0,12500,0,12500,7000,44500
Ciudad de México,3000 Servicios generales,31603,0,0,55000,55000,55000,55000,55000,55000,55000,385000
Ciudad de México,3000 Servicios generales,31902,0,27500,27500,27500,27500,27500,27500,27500,27500,220000
Ciudad de México,3000 Servicios generales,31904,4167,4167,84167,84167,84167,84167,84167,84167,84167,597503
Ciudad de México,3000 Servicios generales,32201,0,0,7220000,7220000,7220000,7220000,7220000,7220000,7220000,50540000
Ciudad de México,3000 Servicios generales,33304,0,0,45000,0,0,0,450000,0,0,495000
Ciudad de México,3000 Servicios generales,33401,0,0,0,50000,0,0,0,50000,0,100000
Ciudad de México,3000 Servicios generales,33604,0,35500,35500,35500,35500,35500,35500,35500,35500,284000
Ciudad de México,3000 Servicios generales,33801,0,0,270000,270000,270000,270000,270000,270000,270000,1890000
Ciudad de México,3000 Servicios generales,35401,0,150000,100000,0,150000,0,150000,0,50000,600000
Ciudad de México,3000 Servicios generales,35801,0,0,565100,565100,565100,565100,565100,565100,565100,3955700
Ciudad de México,3000 Servicios generales,35901,0,31500,31500,31500,31500,31500,31500,31500,31500,252000
Ciudad de México,3000 Servicios generales,37101,0,20000,20000,40000,20000,20000,20000,20000,20000,180000
Ciudad de México,3000 Servicios generales,37104,0,20000,30000,60000,30000,30000,30000,30000,30000,260000
Ciudad de México,3000 Servicios generales,37201,0,20000,20000,20000,20000,20000,20000,20000,20000,160000
Ciudad de México,3000 Servicios generales,37501,0,10000,10000,10000,10000,10000,10000,10000,10000,80000
Ciudad de México,3000 Servicios generales,37504,0,12500,12500,12500,12500,12500,12500,12500,12500,100000
Colima,2000 Materiales y suministros,21101,12500,12500,12500,12500,12500,12500,12500,12500,12500,112500
Colima,2000 Materiales y suministros,21201,2000,2000,2000,2000,2000,2000,2000,2000,2000,18000
Colima,2000 Materiales y suministros,21401,5000,5000,5000,5000,5000,5000,5000,5000,5000,45000
Colima,2000 Materiales y suministros,21501,0,0,0,25000,0,0,0,0,0,25000
Colima,2000 Materiales y suministros,21601,5000,5000,5000,5000,5000,5000,5000,5000,5000,45000
Colima,2000 Materiales y suministros,22102,2500,2500,2500,2500,2500,2500,2500,2500,2500,22500
Colima,2000 Materiales y suministros,22103,2500,2500,2500,2500,2500,2500,2500,2500,2500,22500
Colima,2000 Materiales y suministros,22104,1200,1200,1200,1200,1200,1200,1200,1200,1200,10800
Colima,2000 Materiales y suministros,24601,3200,3200,3200,3200,3200,3200,3200,3200,3200,28800
Colima,2000 Materiales y suministros,24801,2000,2000,2000,2000,2000,2000,2000,2000,2000,18000
Colima,2000 Materiales y suministros,26102,53550,53550,53550,53550,53550,53550,53550,53550,53550,481950
Colima,2000 Materiales y suministros,27101,0,0,0,120000,0,0,0,0,0,120000
Colima,2000 Materiales y suministros,27201,0,0,0,11000,0,0,0,0,0,11000
Colima,2000 Materiales y suministros,29301,1500,1500,1500,1500,1500,1500,1500,1500,1500,13500
Colima,2000 Materiales y suministros,29401,2000,2000,2000,2000,2000,2000,2000,2000,2000,18000
Colima,2000 Materiales y suministros,29601,6000,6000,6000,6000,6000,6000,6000,6000,6000,54000
Colima,2000 Materiales y suministros,29901,3000,3000,3000,3000,3000,3000,3000,3000,3000,27000
Colima,3000 Servicios generales,31101,17500,17500,17500,17500,17500,17500,17500,17500,17500,157500
Colima,3000 Servicios generales,31301,5000,5000,5000,5000,5000,5000,5000,5000,5000,45000
Colima,3000 Servicios generales,31603,4000,4000,4000,4000,4000,4000,4000,4000,4000,36000
Colima,3000 Servicios generales,31902,5000,5000,5000,5000,5000,5000,5000,5000,5000,45000
Colima,3000 Servicios generales,32201,250000,250000,250000,250000,250000,250000,250000,250000,250000,2250000
Colima,3000 Servicios generales,32301,5000,5000,5000,5000,5000,5000,5000,5000,5000,45000
Colima,3000 Servicios generales,32302,6000,6000,6000,6000,6000,6000,6000,6000,6000,54000
Colima,3000 Servicios generales,32601,3000,3000,3000,3000,3000,3000,3000,3000,3000,27000
Colima,3000 Servicios generales,33105,0,0,0,70000,0,0,0,0,0,70000
Colima,3000 Servicios generales,33401,0,0,0,70000,0,0,0,0,0,70000
Colima,3000 Servicios generales,33602,2000,2000,2000,2000,2000,2000,2000,2000,2000,18000
Colima,3000 Servicios generales,35501,12000,12000,12000,12000,12000,12000,12000,12000,12000,108000
Colima,3000 Servicios generales,35901,2500,2500,2500,2500,2500,2500,2500,2500,2500,22500
Colima,3000 Servicios generales,37104,22000,22000,22000,22000,22000,22000,22000,22000,22000,198000
Colima,3000 Servicios generales,37201,6000,6000,6000,6000,6000,6000,6000,6000,6000,54000
Colima,3000 Servicios generales,37204,4000,4000,4000,4000,4000,4000,4000,4000,4000,36000
Colima,3000 Servicios generales,37501,4000,4000,4000,4000,4000,4000,4000,4000,4000,36000
Colima,3000 Servicios generales,37504,15000,15000,15000,15000,15000,15000,15000,15000,15000,135000
Colima,3000 Servicios generales,39801,0,0,0,0,0,0,0,0,0,0
Colima,"5000 Bienes muebles, inmuebles e intangibles",51101,0,0,1500000,0,0,0,0,0,0,1500000
Colima,"5000 Bienes muebles, inmuebles e intangibles",52101,0,0,45000,0,0,0,0,0,0,45000
Colima,"5000 Bienes muebles, inmuebles e intangibles",59101,0,0,40000,0,0,0,0,0,0,40000
Guerrero,2000 Materiales y suministros,21101,100000,100000,100000,100000,100000,100000,100000,100000,100000,900000
Guerrero,2000 Materiales y suministros,21201,5000,5000,5000,5000,5000,5000,5000,5000,5000,45000
Guerrero,2000 Materiales y suministros,21401,20000,20000,20000,20000,20000,20000,20000,20000,20000,180000
Guerrero,2000 Materiales y suministros,21601,10000,10000,10000,10000,10000,10000,10000,10000,10000,90000
Guerrero,2000 Materiales y suministros,22102,5000,5000,5000,5000,5000,5000,5000,5000,5000,45000
Guerrero,2000 Materiales y suministros,22103,7000,7000,7000,7000,7000,7000,7000,7000,7000,63000
Guerrero,2000 Materiales y suministros,22106,5000,5000,5000,5000,5000,5000,5000,5000,5000,45000
Guerrero,2000 Materiales y suministros,24601,10000,10000,10000,10000,10000,10000,10000,10000,10000,90000
Guerrero,2000 Materiales y suministros,27101,0,0,350000,0,0,350000,0,0,350000,1050000
Guerrero,2000 Materiales y suministros,29401,10000,10000,10000,10000,10000,10000,10000,10000,10000,90000
Guerrero,2000 Materiales y suministros,29501,15000,15000,15000,15000,15000,15000,15000,15000,15000,135000
Guerrero,3000 Servicios generales,31101,30000,30000,30000,30000,30000,30000,30000,30000,30000,270000
Guerrero,3000 Servicios generales,31301,5000,5000,5000,5000,5000,5000,5000,5000,5000,45000
Guerrero,3000 Servicios generales,31603,10000,10000,10000,10000,10000,10000,10000,10000,10000,90000
Guerrero,3000 Servicios generales,31801,5000,5000,5000,5000,5000,5000,5000,5000,5000,45000
Guerrero,3000 Servicios generales,31904,25000,25000,25000,25000,25000,25000,25000,25000,25000,225000
Guerrero,3000 Servicios generales,32201,350000,350000,350000,350000,350000,350000,350000,350000,350000,3150000
Guerrero,3000 Servicios generales,33304,5000,5000,5000,5000,5000,5000,5000,5000,5000,45000
Guerrero,3000 Servicios generales,33401,0,0,100000,0,0,100000,0,0,100000,300000
Guerrero,3000 Servicios generales,33604,25000,25000,25000,25000,25000,25000,25000,25000,25000,225000
Guerrero,3000 Servicios generales,33801,50000,50000,50000,50000,50000,50000,50000,50000,50000,450000
Guerrero,3000 Servicios generales,35101,25000,0,25000,0,25000,0,25000,0,25000,125000
Guerrero,3000 Servicios generales,35201,10000,0,10000,0,10000,0,10000,0,10000,50000
Guerrero,3000 Servicios generales,35401,0,0,0,150000,0,0,0,0,150000,300000
Guerrero,3000 Servicios generales,35801,25000,25000,25000,25000,25000,25000,25000,25000,25000,225000
Guerrero,3000 Servicios generales,35901,5000,5000,5000,5000,5000,5000,5000,5000,5000,45000
Guerrero,3000 Servicios generales,37101,10000,10000,10000,10000,10000,10000,10000,10000,10000,90000
Guerrero,3000 Servicios generales,37104,10000,10000,10000,10000,10000,10000,10000,10000,10000,90000
Guerrero,3000 Servicios generales,37201,30000,30000,30000,30000,30000,30000,30000,30000,30000,270000
Guerrero,3000 Servicios generales,37204,35000,35000,35000,35000,35000,35000,35000,35000,35000,315000
Guerrero,3000 Servicios generales,37501,70000,70000,70000,70000,70000,70000,70000,70000,70000,630000
Guerrero,3000 Servicios generales,37504,250000,250000,250000,250000,250000,250000,250000,250000,250000,2250000
Guerrero,3000 Servicios generales,38201,10000,10000,10000,10000,10000,10000,10000,10000,10000,90000
Hidalgo,2000 Materiales y suministros,21101,0,0,712066.4,105127,56358,50180,64736,83654,51989,1124110.4
Hidalgo,2000 Materiales y suministros,21102,0,0,1000,1000,1000,1000,1000,1000,1000,7000
Hidalgo,2000 Materiales y suministros,21201,0,0,22100,9000,5800,17800,11800,9000,7300,82800
Hidalgo,2000 Materiales y suministros,21401,0,0,25000,121160,17000,57160,35000,47160,25000,327480
Hidalgo,2000 Materiales y suministros,21501,0,0,150,150,150,150,150,150,150,1050
Hidalgo,2000 Materiales y suministros,21601,0,0,2900,2900,2900,2900,2900,2900,2900,20300
Hidalgo,2000 Materiales y suministros,22104,0,0,3200,3200,3200,3200,3200,3200,3200,22400
Hidalgo,2000 Materiales y suministros,24501,0,0,300,100,200,200,200,200,200,1400
Hidalgo,2000 Materiales y suministros,24601,0,0,10700,15786,6000,8260,6000,12260,2600,61606
Hidalgo,2000 Materiales y suministros,25301,0,0,150,1070,0,1220,0,1220,0,3660
Hidalgo,2000 Materiales y suministros,25401,0,0,650,4750,0,3950,0,5400,0,14750
Hidalgo,2000 Materiales y suministros,26102,0,0,253043,256607.2,267875.6,274387,337018,319850,308188.8,2016969.6
Hidalgo,2000 Materiales y suministros,27101,0,0,78240,118020,39440,39440,23200,0,0,298340
Hidalgo,2000 Materiales y suministros,27201,0,0,0,64700,0,0,0,4761,0,69461
Hidalgo,2000 Materiales y suministros,29101,0,0,0,32000,0,0,0,2000,0,34000
Hidalgo,2000 Materiales y suministros,29301,0,0,2850,4250,3650,4550,3850,4550,3850,27550
Hidalgo,2000 Materiales y suministros,29401,0,0,500,500,500,0,500,0,500,2500
Hidalgo,2000 Materiales y suministros,29801,0,0,0,0,1000,0,0,1000,0,2000
Hidalgo,3000 Servicios generales,31101,0,0,12000,12000,12000,12000,12000,12000,12000,84000
Hidalgo,3000 Servicios generales,31301,0,0,5000,5000,5000,5000,5000,5000,5000,35000
Hidalgo,3000 Servicios generales,31401,0,0,2500,2500,2500,2500,2500,2500,2500,17500
Hidalgo,3000 Servicios generales,31603,0,0,2500,2500,2500,2500,2500,2500,2500,17500
Hidalgo,3000 Servicios generales,31801,0,0,13000,13000,13000,13000,13000,13000,13000,91000
Hidalgo,3000 Servicios generales,32201,0,0,278400,278400,278400,278400,278400,278400,278400,1948800
Hidalgo,3000 Servicios generales,32502,0,0,138000,138000,138000,138000,138000,138000,138000,966000
Hidalgo,3000 Servicios generales,32601,0,0,25000,25000,25000,25000,25000,25000,25000,175000
Hidalgo,3000 Servicios generales,33105,0,0,10000,10000,10000,10000,10000,10000,10000,70000
Hidalgo,3000 Servicios generales,33401,0,0,52620,50160,77160,107160,26160,26160,44080,383500
Hidalgo,3000 Servicios generales,33603,0,0,6000,6000,6000,6000,6000,6000,6000,42000
Hidalgo,3000 Servicios generales,33604,0,0,36888,129028,2000,63888,0,8750,0,240554
Hidalgo,3000 Servicios generales,35201,0,0,2000,2000,2000,2000,2000,2000,2000,14000
Hidalgo,3000 Servicios generales,35301,0,0,3000,3000,3000,3000,3000,3000,3000,21000
Hidalgo,3000 Servicios generales,35501,0,0,5000,5000,5000,5000,5000,5000,5000,35000
Hidalgo,3000 Servicios generales,35801,0,0,28000,28000,28000,28000,28000,28000,28000,196000
Hidalgo,3000 Servicios generales,37106,0,0,24000,24000,24000,24000,24000,24000,24000,168000
Hidalgo,3000 Servicios generales,37501,0,0,111035,136090,146545,127120,551175,485625,444870,2002460
Hidalgo,3000 Servicios generales,37504,0,0,173690,90090,197915,244465,91040,90090,173690,1060980
Hidalgo,3000 Servicios generales,37801,0,0,18680,20640,20640,16720,14760,14760,8880,115080
Hidalgo,3000 Servicios generales,38201,0,0,57000,57000,57000,57000,57000,57000,70000,412000
Hidalgo,3000 Servicios generales,39202,0,0,0,0,0,0,0,60000,60000,120000
Hidalgo,3000 Servicios generales,39401,0,0,0,0,30000,30000,30000,30000,30000,150000
Michoacán de Ocampo,2000 Materiales y suministros,21101,40000,300000,300000,300000,300000,300000,300000,300000,300000,2440000
Michoacán de Ocampo,2000 Materiales y suministros,21201,0,100000,100000,100000,100000,100000,100000,100000,100000,800000
Michoacán de Ocampo,2000 Materiales y suministros,21401,40000,180000,180000,180000,180000,180000,180000,180000,180000,1480000
Michoacán de Ocampo,2000 Materiales y suministros,21501,0,0,60000,60000,60000,60000,60000,60000,60000,420000
Michoacán de Ocampo,2000 Materiales y suministros,21601,40000,200000,200000,200000,200000,200000,200000,200000,200000,1640000
Michoacán de Ocampo,2000 Materiales y suministros,22103,0,80000,80000,80000,80000,80000,80000,80000,80000,640000
Michoacán de Ocampo,2000 Materiales y suministros,22104,40000,60000,60000,60000,60000,60000,60000,60000,60000,520000
Michoacán de Ocampo,2000 Materiales y suministros,24601,80000,80000,80000,80000,80000,80000,80000,80000,80000,720000
Michoacán de Ocampo,2000 Materiales y suministros,24801,0,100000,0,100000,0,100000,0,0,0,300000
Michoacán de Ocampo,2000 Materiales y suministros,26102,80000,500000,500000,500000,500000,500000,500000,500000,500000,4080000
Michoacán de Ocampo,2000 Materiales y suministros,26103,80000,600000,600000,600000,600000,600000,600000,600000,600000,4880000
Michoacán de Ocampo,2000 Materiales y suministros,27101,0,200000,200000,200000,200000,0,0,0,0,800000
Michoacán de Ocampo,2000 Materiales y suministros,27201,0,50000,0,50000,0,50000,0,0,0,150000
Michoacán de Ocampo,2000 Materiales y suministros,29301,40000,60000,60000,60000,60000,60000,60000,60000,60000,520000
Michoacán de Ocampo,2000 Materiales y suministros,29401,40000,80000,80000,80000,80000,80000,80000,80000,80000,680000
Michoacán de Ocampo,2000 Materiales y suministros,29601,0,100000,100000,100000,100000,100000,100000,100000,100000,800000
Michoacán de Ocampo,2000 Materiales y suministros,29801,0,30000,30000,30000,30000,30000,30000,30000,30000,240000
Michoacán de Ocampo,2000 Materiales y suministros,29901,0,30000,30000,30000,30000,30000,30000,30000,30000,240000
Michoacán de Ocampo,3000 Servicios generales,31101,0,100000,100000,100000,100000,100000,100000,100000,100000,800000
Michoacán de Ocampo,3000 Servicios generales,31301,0,80000,80000,80000,80000,80000,80000,80000,80000,640000
Michoacán de Ocampo,3000 Servicios generales,31603,0,150000,150000,150000,150000,150000,150000,150000,150000,1200000
Michoacán de Ocampo,3000 Servicios generales,31801,10000,10000,10000,10000,10000,10000,10000,10000,10000,90000
Michoacán de Ocampo,3000 Servicios generales,31902,0,0,80000,80000,80000,80000,80000,80000,80000,560000
Michoacán de Ocampo,3000 Servicios generales,31904,0,20000,20000,20000,20000,20000,20000,20000,20000,160000
Michoacán de Ocampo,3000 Servicios generales,32201,150000,150000,150000,150000,150000,150000,150000,150000,150000,1350000
Michoacán de Ocampo,3000 Servicios generales,32301,0,180000,180000,180000,180000,180000,180000,180000,180000,1440000
Michoacán de Ocampo,3000 Servicios generales,32302,0,300000,300000,300000,300000,300000,0,0,0,1500000
Michoacán de Ocampo,3000 Servicios generales,32503,0,800000,800000,800000,800000,800000,800000,800000,800000,6400000
Michoacán de Ocampo,3000 Servicios generales,32505,0,400000,400000,400000,400000,400000,400000,400000,400000,3200000
Michoacán de Ocampo,3000 Servicios generales,32903,0,50000,50000,50000,50000,50000,50000,50000,50000,400000
Michoacán de Ocampo,3000 Servicios generales,33104,0,80000,80000,80000,80000,80000,80000,80000,80000,640000
Michoacán de Ocampo,3000 Servicios generales,33105,10000,20000,0,20000,0,20000,0,20000,0,90000
Michoacán de Ocampo,3000 Servicios generales,33301,0,50000,50000,50000,50000,50000,50000,50000,50000,400000
Michoacán de Ocampo,3000 Servicios generales,33304,0,80000,80000,80000,80000,80000,80000,80000,80000,640000
Michoacán de Ocampo,3000 Servicios generales,33401,0,0,300000,0,300000,0,300000,0,0,900000
Michoacán de Ocampo,3000 Servicios generales,33602,50000,80000,80000,80000,80000,80000,80000,80000,80000,690000
Michoacán de Ocampo,3000 Servicios generales,33604,0,0,200000,100000,100000,100000,100000,100000,100000,800000
Michoacán de Ocampo,3000 Servicios generales,33605,0,0,200000,100000,100000,100000,100000,100000,100000,800000
Michoacán de Ocampo,3000 Servicios generales,33606,0,0,100000,0,100000,0,100000,0,0,300000
Michoacán de Ocampo,3000 Servicios generales,33801,0,300000,300000,300000,300000,300000,300000,300000,300000,2400000
Michoacán de Ocampo,3000 Servicios generales,33901,0,50000,50000,50000,50000,50000,50000,50000,50000,400000
Michoacán de Ocampo,3000 Servicios generales,34101,10000,10000,10000,10000,10000,10000,10000,10000,10000,90000
Michoacán de Ocampo,3000 Servicios generales,34701,10000,10000,0,10000,0,10000,0,10000,0,50000
Michoacán de Ocampo,3000 Servicios generales,35501,0,180000,180000,180000,180000,180000,180000,180000,180000,1440000
Michoacán de Ocampo,3000 Servicios generales,35801,0,300000,300000,300000,300000,300000,300000,300000,300000,2400000
Michoacán de Ocampo,3000 Servicios generales,35901,0,80000,80000,80000,80000,80000,80000,80000,80000,640000
Michoacán de Ocampo,3000 Servicios generales,37104,30000,200000,200000,200000,200000,200000,200000,200000,200000,1630000
Michoacán de Ocampo,3000 Servicios generales,37201,0,200000,200000,200000,200000,200000,200000,200000,200000,1600000
Michoacán de Ocampo,3000 Servicios generales,37204,80000,600000,600000,600000,600000,600000,600000,600000,600000,4880000
Michoacán de Ocampo,3000 Servicios generales,37501,0,800000,800000,800000,800000,800000,800000,800000,800000,6400000
Michoacán de Ocampo,3000 Servicios generales,37504,160000,1400000,1400000,1400000,1400000,1400000,1400000,1400000,1400000,11360000
Michoacán de Ocampo,3000 Servicios generales,37801,0,10000,10000,10000,10000,10000,10000,10000,10000,80000
Michoacán de Ocampo,3000 Servicios generales,38201,0,30000,30000,30000,30000,30000,30000,30000,30000,240000
Michoacán de Ocampo,3000 Servicios generales,39202,0,6000,0,6000,0,6000,0,6000,0,24000
Michoacán de Ocampo,3000 Servicios generales,39401,0,0,100000,100000,100000,100000,100000,100000,100000,700000
Michoacán de Ocampo,3000 Servicios generales,39801,0,0,0,0,0,0,0,0,0,0
Michoacán de Ocampo,"5000 Bienes muebles, inmuebles e intangibles",51101,0,0,0,0,0,4000000,0,0,0,4000000
Michoacán de Ocampo,"5000 Bienes muebles, inmuebles e intangibles",51501,0,2000000,2000000,0,0,0,0,0,0,4000000
Michoacán de Ocampo,"5000 Bienes muebles, inmuebles e intangibles",51901,0,250000,0,250000,0,250000,250000,0,0,1000000
Michoacán de Ocampo,"5000 Bienes muebles, inmuebles e intangibles",56501,0,500000,0,0,500000,0,500000,0,0,1500000
Michoacán de Ocampo,"5000 Bienes muebles, inmuebles e intangibles",59101,0,150000,150000,150000,150000,150000,150000,0,0,900000
Morelos,2000 Materiales y suministros,21101,20000,20000,20000,20000,20000,20000,20000,20000,20000,180000
Morelos,2000 Materiales y suministros,21401,5000,5000,5000,5000,5000,5000,5000,5000,5000,45000
Morelos,2000 Materiales y suministros,21601,25000,25000,25000,25000,25000,25000,25000,25000,25000,225000
Morelos,2000 Materiales y suministros,22103,20000,20000,20000,20000,20000,20000,20000,20000,20000,180000
Morelos,2000 Materiales y suministros,22104,15000,15000,15000,15000,15000,15000,15000,15000,15000,135000
Morelos,2000 Materiales y suministros,24601,3000,3000,3000,3000,3000,3000,3000,3000,3000,27000
Morelos,2000 Materiales y suministros,25401,0,5000,1000,1000,1000,1000,1000,1000,1000,12000
Morelos,2000 Materiales y suministros,26103,80000,80000,80000,80000,80000,80000,80000,80000,80000,720000
Morelos,2000 Materiales y suministros,27101,0,200000,0,0,0,0,0,0,0,200000
Morelos,2000 Materiales y suministros,29301,5000,5000,5000,5000,5000,5000,5000,5000,5000,45000
Morelos,2000 Materiales y suministros,29401,5000,5000,5000,5000,5000,5000,5000,5000,5000,45000
Morelos,2000 Materiales y suministros,29901,3000,3000,3000,3000,3000,3000,3000,3000,3000,27000
Morelos,3000 Servicios generales,31101,15000,15000,15000,15000,15000,15000,15000,15000,15000,135000
Morelos,3000 Servicios generales,31301,10000,10000,10000,10000,10000,10000,10000,10000,10000,90000
Morelos,3000 Servicios generales,31603,5000,5000,5000,5000,5000,5000,5000,5000,5000,45000
Morelos,3000 Servicios generales,32201,275000,275000,275000,275000,275000,275000,275000,275000,275000,2475000
Morelos,3000 Servicios generales,32301,556000,556000,556000,556000,556000,556000,556000,556000,556000,5004000
Morelos,3000 Servicios generales,32302,0,1800000,0,0,0,0,0,0,0,1800000
Morelos,3000 Servicios generales,32502,200000,200000,200000,200000,200000,200000,200000,200000,200000,1800000
Morelos,3000 Servicios generales,33604,25000,25000,25000,25000,25000,25000,25000,25000,25000,225000
Morelos,3000 Servicios generales,33801,22000,22000,22000,22000,22000,22000,22000,22000,22000,198000
Morelos,3000 Servicios generales,33901,0,200000,0,0,0,50000,0,0,0,250000
Morelos,3000 Servicios generales,35801,35000,35000,35000,35000,35000,35000,35000,35000,35000,315000
Morelos,3000 Servicios generales,35901,10000,10000,10000,10000,10000,10000,10000,10000,10000,90000
Morelos,3000 Servicios generales,37104,0,15000,15000,5000,5000,7000,5000,7000,5000,64000
Morelos,3000 Servicios generales,37201,10000,20000,20000,20000,20000,20000,20000,20000,20000,170000
Morelos,3000 Servicios generales,37204,7000,7000,7000,7000,7000,7000,7000,7000,7000,63000
Morelos,3000 Servicios generales,37504,10000,10000,10000,10000,10000,10000,10000,10000,10000,90000
Morelos,"5000 Bienes muebles, inmuebles e intangibles",51901,0,200000,100000,100000,100000,0,0,0,0,500000
México,2000 Materiales y suministros,21101,0,0,4800,4800,4800,4800,4800,4800,4800,33600
México,2000 Materiales y suministros,21501,0,0,450,450,450,450,450,450,450,3150
México,2000 Materiales y suministros,21601,0,0,500,500,500,500,500,500,500,3500
México,2000 Materiales y suministros,22102,0,0,0,0,0,0,0,0,0,0
México,2000 Materiales y suministros,22103,0,0,8400,8400,8400,8400,8400,8400,8400,58800
México,2000 Materiales y suministros,24601,0,0,500,500,500,500,500,500,500,3500
México,2000 Materiales y suministros,25301,0,0,4000,4000,4000,4000,4000,4000,4000,28000
México,2000 Materiales y suministros,26102,0,0,50000,50000,50000,50000,50000,50000,50000,350000
México,2000 Materiales y suministros,26103,0,0,0,0,0,0,0,0,0,0
México,2000 Materiales y suministros,27201,0,0,22800,22800,22800,22800,22800,22800,22800,159600
México,2000 Materiales y suministros,29301,0,0,26000,1000,1000,1000,1000,1000,1000,32000
México,2000 Materiales y suministros,29401,0,0,2000,2000,2000,2000,2000,2000,2000,14000
México,3000 Servicios generales,31101,0,0,0,10000,0,10000,0,0,10000,30000
México,3000 Servicios generales,31201,0,0,2000,2000,2000,2000,2000,2000,2000,14000
México,3000 Servicios generales,31301,0,0,3000,3000,3000,3000,3000,3000,3000,21000
México,3000 Servicios generales,31603,0,0,2300,2300,2300,2300,2300,2300,2300,16100
México,3000 Servicios generales,31902,0,0,5000,5000,5000,5000,5000,5000,5000,35000
México,3000 Servicios generales,31904,0,0,10000,10000,10000,10000,10000,10000,10000,70000
México,3000 Servicios generales,32201,0,0,200000,200000,200000,200000,200000,200000,200000,1400000
México,3000 Servicios generales,32301,0,0,104400,104400,104400,104400,104400,104400,104400,730800
México,3000 Servicios generales,32302,0,0,135720,135720,135720,135720,135720,135720,135720,950040
México,3000 Servicios generales,32502,0,0,245920,245920,245920,245920,245920,245920,245920,1721440
México,3000 Servicios generales,32503,0,0,0,0,0,0,0,0,0,0
México,3000 Servicios generales,32505,0,0,0,0,0,0,0,0,0,0
México,3000 Servicios generales,33104,0,0,20000,20000,20000,20000,20000,20000,20000,140000
México,3000 Servicios generales,33301,0,0,0,0,0,0,0,0,0,0
México,3000 Servicios generales,33304,0,0,20000,20000,20000,20000,20000,20000,20000,140000
México,3000 Servicios generales,33401,0,0,60000,60000,60000,60000,60000,60000,60000,420000
México,3000 Servicios generales,33602,0,0,10000,10000,10000,10000,10000,10000,10000,70000
México,3000 Servicios generales,33604,0,0,5000,5000,5000,5000,5000,5000,5000,35000
México,3000 Servicios generales,33801,0,0,19570,19570,19570,19570,19570,19570,19570,136990
México,3000 Servicios generales,33901,0,0,50000,50000,50000,50000,50000,50000,50000,350000
México,3000 Servicios generales,33903,0,0,10000,10000,10000,10000,10000,10000,10000,70000
México,3000 Servicios generales,35801,0,0,36000,36000,36000,36000,36000,36000,36000,252000
México,3000 Servicios generales,35901,0,0,5000,5000,5000,5000,5000,5000,5000,35000
México,3000 Servicios generales,37104,0,0,48000,48000,48000,48000,48000,48000,48000,336000
México,3000 Servicios generales,37201,0,0,28800,28800,28800,28800,28800,28800,28800,201600
México,3000 Servicios generales,37204,0,0,0,0,0,0,0,0,0,0
México,3000 Servicios generales,37501,0,0,104400,104400,104400,104400,104400,104400,104400,730800
México,3000 Servicios generales,37504,0,0,0,0,0,0,0,0,0,0
Oaxaca,2000 Materiales y suministros,21101,108327.49,108327.49,108327.49,108327.49,108327.49,108327.49,108327.49,108327.49,108327.49,974947.41
Oaxaca,2000 Materiales y suministros,21201,3861.555556,3861.555556,3861.555556,3861.555556,3861.555556,3861.555556,3861.555556,3861.555556,3861.555556,34754
Oaxaca,2000 Materiales y suministros,21401,20256.66333333333,20256.66333333333,20256.66333333333,20256.66333333333,20256.66333333333,20256.66333333333,20256.66333333333,20256.66333333333,20256.66333333333,182309.97
Oaxaca,2000 Materiales y suministros,21601,2979.633333,2979.633333,2979.633333,2979.633333,2979.633333,2979.633333,2979.633333,2979.633333,2979.633333,26816.7
Oaxaca,2000 Materiales y suministros,22104,7775.666667,7775.666667,7775.666667,7775.666667,7775.666667,7775.666667,7775.666667,7775.666667,7775.666667,69981
Oaxaca,2000 Materiales y suministros,22301,4668.22,4668.22,4668.22,4668.22,4668.22,4668.22,4668.22,4668.22,4668.22,42013.98
Oaxaca,2000 Materiales y suministros,24601,2912.38,2912.38,2912.38,2912.38,2912.38,2912.38,2912.38,2912.38,2912.38,26211.42
Oaxaca,2000 Materiales y suministros,26103,328153.87,328153.87,328153.87,328153.87,328153.87,328153.87,328153.87,328153.87,328153.87,2953384.83
Oaxaca,2000 Materiales y suministros,26104,67503.33,67503.33,67503.33,67503.33,67503.33,67503.33,67503.33,67503.33,67503.33,607529.97
Oaxaca,2000 Materiales y suministros,29201,3250,3250,3250,3250,3250,3250,3250,3250,3250,29250
Oaxaca,2000 Materiales y suministros,29401,458.33,458.33,458.33,458.33,458.33,458.33,458.33,458.33,458.33,4124.97
Oaxaca,3000 Servicios generales,31101,10666.67,10666.67,10666.67,10666.67,10666.67,10666.67,10666.67,10666.67,10666.67,96000.03
Oaxaca,3000 Servicios generales,31301,466.67,466.67,466.67,466.67,466.67,466.67,466.67,466.67,466.67,4200.03
Oaxaca,3000 Servicios generales,31401,400,400,400,400,400,400,400,400,400,3600
Oaxaca,3000 Servicios generales,31603,666.67,666.67,666.67,666.67,666.67,666.67,666.67,666.67,666.67,6000.03
Oaxaca,3000 Servicios generales,32201,180555.56,180555.56,180555.56,180555.56,180555.56,180555.56,180555.56,180555.56,180555.56,1625000.04
Oaxaca,3000 Servicios generales,33602,1000,1000,1000,1000,1000,1000,1000,1000,1000,9000
Oaxaca,3000 Servicios generales,33604,35331.11,35331.11,35331.11,35331.11,35331.11,35331.11,35331.11,35331.11,35331.11,317979.99
Oaxaca,3000 Servicios generales,33605,5600,5600,5600,5600,5600,5600,5600,5600,5600,50400
Oaxaca,3000 Servicios generales,33801,87360,87360,87360,87360,87360,87360,87360,87360,87360,786240
Oaxaca,3000 Servicios generales,33901,2000,2000,2000,2000,2000,2000,2000,2000,2000,18000
Oaxaca,3000 Servicios generales,35101,41666.67,41666.67,41666.67,41666.67,41666.67,41666.67,41666.67,41666.67,41666.67,375000.03
Oaxaca,3000 Servicios generales,35501,27777.78,27777.78,27777.78,27777.78,27777.78,27777.78,27777.78,27777.78,27777.78,250000.02
Oaxaca,3000 Servicios generales,35701,25000,25000,25000,25000,25000,25000,25000,25000,25000,225000
Oaxaca,3000 Servicios generales,35801,48000,48000,48000,48000,48000,48000,48000,48000,48000,432000
Oaxaca,3000 Servicios generales,37101,78166.67,78166.67,78166.67,78166.67,78166.67,78166.67,78166.67,78166.67,78166.67,703500.03
Oaxaca,3000 Servicios generales,37104,39666.67,39666.67,39666.67,39666.67,39666.67,39666.67,39666.67,39666.67,39666.67,357000.03
Oaxaca,3000 Servicios generales,37201,163166.67,163166.67,163166.67,163166.67,163166.67,163166.67,163166.67,163166.67,163166.67,1468500.03
Oaxaca,3000 Servicios generales,37504,410984.78,410984.78,410984.78,410984.78,410984.78,410984.78,410984.78,410984.78,410984.78,3698863.02
Oaxaca,3000 Servicios generales,38102,56666.67,56666.67,56666.67,56666.67,56666.67,56666.67,56666.67,56666.67,56666.67,510000.03
Quintana Roo,2000 Materiales y suministros,21101,150400,110000,135000,154000,150400,110000,135000,154000,95600,1194400
Quintana Roo,2000 Materiales y suministros,21201,18000,18000,18000,18000,18000,18000,18000,18000,18000,162000
Quintana Roo,2000 Materiales y suministros,21401,90000,80000,90000,80000,90000,80000,90000,80000,80000,760000
Quintana Roo,2000 Materiales y suministros,21601,45000,45000,45000,45000,45000,45000,45000,45000,45000,405000
Quintana Roo,2000 Materiales y suministros,22104,24000,24000,24000,24000,24000,24000,24000,24000,24000,216000
Quintana Roo,2000 Materiales y suministros,24601,25000,25000,25000,25000,25000,25000,25000,25000,25000,225000
Quintana Roo,2000 Materiales y suministros,24801,22000,22000,22000,22000,22000,22000,22000,22000,22000,198000
Quintana Roo,2000 Materiales y suministros,26102,180000,180000,180000,180000,180000,180000,180000,180000,180000,1620000
Quintana Roo,2000 Materiales y suministros,27101,95000,95000,95000,95000,95000,95000,95000,95000,95000,855000
Quintana Roo,2000 Materiales y suministros,27201,40000,40000,40000,40000,40000,40000,40000,40000,40000,360000
Quintana Roo,2000 Materiales y suministros,29301,18000,18000,18000,18000,18000,18000,18000,18000,18000,162000
Quintana Roo,2000 Materiales y suministros,29401,35000,35000,35000,35000,35000,35000,35000,35000,35000,315000
Quintana Roo,2000 Materiales y suministros,29601,80000,110000,80000,110000,80000,110000,80000,110000,110000,870000
Quintana Roo,3000 Servicios generales,31101,35000,35000,35000,35000,35000,35000,35000,35000,35000,315000
Quintana Roo,3000 Servicios generales,31301,10500,10500,10500,10500,10500,10500,10500,10500,10500,94500
Quintana Roo,3000 Servicios generales,31603,19000,19000,19000,19000,19000,19000,19000,19000,19000,171000
Quintana Roo,3000 Servicios generales,31902,5000,5000,5000,5000,5000,5000,5000,5000,5000,45000
Quintana Roo,3000 Servicios generales,31904,22000,22000,22000,22000,22000,22000,22000,22000,22000,198000
Quintana Roo,3000 Servicios generales,32201,500000,500000,500000,500000,500000,500000,500000,500000,500000,4500000
Quintana Roo,3000 Servicios generales,32301,20000,20000,20000,20000,20000,20000,20000,20000,20000,180000
Quintana Roo,3000 Servicios generales,32503,60000,60000,60000,60000,60000,60000,60000,60000,60000,540000
Quintana Roo,3000 Servicios generales,32601,30000,30000,30000,30000,30000,30000,30000,30000,30000,270000
Quintana Roo,3000 Servicios generales,33104,48000,48000,48000,48000,48000,48000,48000,48000,48000,432000
Quintana Roo,3000 Servicios generales,33301,0,70000,50000,0,50000,0,0,0,0,170000
Quintana Roo,3000 Servicios generales,33304,15000,15000,15000,15000,15000,15000,15000,15000,15000,135000
Quintana Roo,3000 Servicios generales,33401,35600,0,35600,0,0,35600,0,35600,0,142400
Quintana Roo,3000 Servicios generales,33602,8000,8000,8000,8000,8000,8000,8000,8000,8000,72000
Quintana Roo,3000 Servicios generales,33604,35000,35000,35000,35000,35000,35000,35000,35000,35000,315000
Quintana Roo,3000 Servicios generales,33605,16700,0,16700,0,16700,0,16700,0,0,66800
Quintana Roo,3000 Servicios generales,33801,40000,40000,40000,40000,40000,40000,40000,40000,40000,360000
Quintana Roo,3000 Servicios generales,35501,80000,80000,80000,80000,80000,80000,80000,80000,80000,720000
Quintana Roo,3000 Servicios generales,35801,46000,46000,46000,46000,46000,46000,46000,46000,46000,414000
Quintana Roo,3000 Servicios generales,35901,7000,7000,7000,7000,7000,7000,7000,7000,7000,63000
Quintana Roo,3000 Servicios generales,37101,145000,145000,145000,145000,145000,145000,145000,145000,145000,1305000
Quintana Roo,3000 Servicios generales,37201,25200,25200,25200,25200,25200,25200,25200,25200,25200,226800
Quintana Roo,3000 Servicios generales,37301,9000,9000,9000,9000,9000,9000,9000,9000,9000,81000
Quintana Roo,3000 Servicios generales,37501,350000,350000,350000,350000,350000,350000,350000,350000,350000,3150000
Quintana Roo,3000 Servicios generales,38201,7000,7000,7000,7000,7000,7000,7000,7000,7000,63000
Quintana Roo,3000 Servicios generales,39301,10000,10000,10000,10000,10000,10000,10000,10000,10000,90000
San Luis Potosí,2000 Materiales y suministros,21101,187500,187500,187500,187500,187500,187500,187500,187500,0,1500000
San Luis Potosí,2000 Materiales y suministros,21401,87500,87500,87500,87500,87500,87500,87500,87500,0,700000
San Luis Potosí,2000 Materiales y suministros,21601,31250,31250,31250,31250,31250,31250,31250,31250,0,250000
San Luis Potosí,2000 Materiales y suministros,22104,62500,62500,62500,62500,62500,62500,62500,62500,0,500000
San Luis Potosí,2000 Materiales y suministros,24601,62500,62500,62500,62500,62500,62500,62500,62500,0,500000
San Luis Potosí,2000 Materiales y suministros,24801,68750,68750,68750,68750,68750,68750,68750,68750,0,550000
San Luis Potosí,3000 Servicios generales,31101,62500,62500,62500,62500,62500,62500,62500,62500,0,500000
San Luis Potosí,3000 Servicios generales,31301,31250,31250,31250,31250,31250,31250,31250,31250,0,250000
San Luis Potosí,3000 Servicios generales,31902,87500,87500,87500,87500,87500,87500,87500,87500,0,700000
San Luis Potosí,3000 Servicios generales,32201,375000,375000,375000,375000,375000,375000,375000,375000,0,3000000
San Luis Potosí,3000 Servicios generales,32502,625000,625000,625000,625000,625000,625000,625000,625000,0,5000000
San Luis Potosí,3000 Servicios generales,33604,75000,75000,75000,75000,75000,75000,75000,75000,0,600000
San Luis Potosí,3000 Servicios generales,37104,43750,43750,43750,43750,43750,43750,43750,43750,0,350000
San Luis Potosí,3000 Servicios generales,37204,62500,62500,62500,62500,62500,62500,62500,62500,0,500000
San Luis Potosí,3000 Servicios generales,37504,62500,62500,62500,62500,62500,62500,62500,62500,0,500000
San Luis Potosí,3000 Servicios generales,39301,106250,106250,106250,106250,106250,106250,106250,106250,0,850000
San Luis Potosí,"5000 Bienes muebles, inmuebles e intangibles",51101,375000,375000,375000,375000,375000,375000,375000,375000,0,3000000
San Luis Potosí,"5000 Bienes muebles, inmuebles e intangibles",51901,93750,93750,93750,93750,93750,93750,93750,93750,0,750000
Sinaloa,2000 Materiales y suministros,21101,0,47089.46,47089.46,47089.46,47089.46,47089.46,47089.46,47089.46,47089.46,376715.68
Sinaloa,2000 Materiales y suministros,21401,0,5000,5000,5000,5000,5000,5000,5000,5000,40000
Sinaloa,2000 Materiales y suministros,21501,0,704,704,704,704,704,704,704,704,5632
Sinaloa,2000 Materiales y suministros,21601,0,11152.28,11152.28,11152.28,11152.28,11152.28,11152.28,11152.28,11152.28,89218.24
Sinaloa,2000 Materiales y suministros,22103,0,10300,10300,10300,10300,10300,10300,10300,10300,82400
Sinaloa,2000 Materiales y suministros,22104,0,10300,10300,10300,10300,10300,10300,10300,10300,82400
Sinaloa,2000 Materiales y suministros,24601,0,3200,3200,3200,3200,3200,3200,3200,3200,25600
Sinaloa,2000 Materiales y suministros,26102,0,59000,59000,59000,59000,59000,59000,59000,59000,472000
Sinaloa,2000 Materiales y suministros,26103,0,59000,59000,59000,59000,59000,59000,59000,59000,472000
Sinaloa,2000 Materiales y suministros,27101,0,59000,59000,59000,59000,59000,59000,59000,59000,472000
Sinaloa,3000 Servicios generales,31101,0,44888.75,44888.75,44888.75,44888.75,44888.75,44888.75,44888.75,44888.75,359110
Sinaloa,3000 Servicios generales,31301,0,2697.48,2697.48,2697.48,2697.48,2697.48,2697.48,2697.48,2697.48,21579.84
Sinaloa,3000 Servicios generales,31603,0,25000,25000,25000,25000,25000,25000,25000,25000,200000
Sinaloa,3000 Servicios generales,31902,0,520,520,520,520,520,520,520,520,4160
Sinaloa,3000 Servicios generales,31904,0,23000,23000,23000,23000,23000,23000,23000,23000,184000
Sinaloa,3000 Servicios generales,32201,0,330000,330000,330000,330000,330000,330000,330000,330000,2640000
Sinaloa,3000 Servicios generales,32502,0,2000,2000,2000,2000,2000,2000,2000,2000,16000
Sinaloa,3000 Servicios generales,32503,0,2000,2000,2000,2000,2000,2000,2000,2000,16000
Sinaloa,3000 Servicios generales,32505,0,2000,2000,2000,2000,2000,2000,2000,2000,16000
Sinaloa,3000 Servicios generales,33801,0,20000,20000,20000,20000,20000,20000,20000,20000,160000
Sinaloa,3000 Servicios generales,35501,0,13320,13320,13320,13320,13320,13320,13320,13320,106560
Sinaloa,3000 Servicios generales,35801,0,58517.79,58517.79,58517.79,58517.79,58517.79,58517.79,58517.79,58517.79,468142.32
Sinaloa,3000 Servicios generales,35901,0,2731.87,2731.87,2731.87,2731.87,2731.87,2731.87,2731.87,2731.87,21854.96
Sinaloa,3000 Servicios generales,37104,0,120000,120000,120000,120000,120000,120000,120000,120000,960000
Sinaloa,3000 Servicios generales,37201,0,25000,25000,25000,25000,25000,25000,25000,25000,200000
Sinaloa,3000 Servicios generales,37204,0,21250,21250,21250,21250,21250,21250,21250,21250,170000
Sinaloa,3000 Servicios generales,37501,0,70000,70000,70000,70000,70000,70000,70000,70000,560000
Sinaloa,3000 Servicios generales,39401,0,11666,11666,11666,11666,11666,11666,11666,11666,93328
Sinaloa,"5000 Bienes muebles, inmuebles e intangibles",51101,0,70000,70000,70000,70000,70000,70000,70000,70000,560000
Sinaloa,"5000 Bienes muebles, inmuebles e intangibles",51501,0,25000,25000,25000,25000,25000,25000,25000,25000,200000
Sinaloa,"5000 Bienes muebles, inmuebles e intangibles",56401,0,15000,15000,15000,15000,15000,15000,15000,15000,120000
Sonora,2000 Materiales y suministros,21101,25000,25000,25000,25000,25000,25000,25000,25000,25000,225000
Sonora,2000 Materiales y suministros,21201,5000,5000,5000,5000,5000,5000,5000,5000,5000,45000
Sonora,2000 Materiales y suministros,21401,1500,1500,1500,1500,1500,1500,1500,1500,1500,13500
Sonora,2000 Materiales y suministros,22104,10000,10000,10000,10000,10000,10000,10000,10000,10000,90000
Sonora,2000 Materiales y suministros,24601,1000,1000,1000,1000,1000,1000,1000,1000,1000,9000
Sonora,2000 Materiales y suministros,26103,130000,130000,130000,130000,130000,130000,130000,130000,130000,1170000
Sonora,2000 Materiales y suministros,27101,0,0,0,145000,0,0,0,0,0,145000
Sonora,3000 Servicios generales,31101,45000,50000,90000,90000,90000,90000,50000,45000,45000,595000
Sonora,3000 Servicios generales,31301,5000,5000,5000,5000,5000,5000,5000,5000,5000,45000
Sonora,3000 Servicios generales,31603,700,2000,2000,2000,2000,2000,2000,2000,2000,16700
Sonora,3000 Servicios generales,32201,760000,760000,760000,760000,760000,760000,760000,760000,760000,6840000
Sonora,3000 Servicios generales,32301,44564.86,44564.86,44564.86,44564.86,44564.86,44564.86,44564.86,44564.86,44564.86,401083.74
Sonora,3000 Servicios generales,32503,372958.56,372958.56,372958.56,372958.56,372958.56,372958.56,372958.56,372958.56,372958.56,3356627.04
Sonora,3000 Servicios generales,32601,15000,15000,15000,15000,15000,15000,15000,15000,15000,135000
Sonora,3000 Servicios generales,33104,35000,35000,35000,35000,35000,35000,35000,35000,35000,315000
Sonora,3000 Servicios generales,33604,90982.04,90982.04,90982.04,90982.04,90982.04,90982.04,90982.04,90982.04,90982.04,818838.36
Sonora,3000 Servicios generales,33801,46200,46200,46200,46200,46200,46200,46200,46200,46200,415800
Sonora,3000 Servicios generales,35801,15047,15047,15047,15047,15047,15047,15047,15047,15047,135423
Sonora,3000 Servicios generales,37104,150000,150000,150000,150000,150000,150000,150000,150000,150000,1350000
Sonora,3000 Servicios generales,37201,1000,1000,1000,1000,1000,1000,1000,1000,1000,9000
Sonora,3000 Servicios generales,37504,100000,100000,100000,100000,100000,100000,100000,100000,100000,900000
Tamaulipas,2000 Materiales y suministros,21101,68758,91143,76793,62353,59353,69328,60053,63653,57353,608787
Tamaulipas,2000 Materiales y suministros,21201,6000,6000,6000,6000,6500,6000,6000,6000,6000,54500
Tamaulipas,2000 Materiales y suministros,21301,1000,1000,1000,1000,1000,1000,1000,1000,1000,9000
Tamaulipas,2000 Materiales y suministros,21401,500,500,500,500,500,500,500,500,500,4500
Tamaulipas,2000 Materiales y suministros,21501,0,0,4000,0,3000,0,3000,0,3000,13000
Tamaulipas,2000 Materiales y suministros,21601,21848.88,21848.88,21848.88,21848.88,21848.88,21848.88,21848.88,21848.88,21848.88,196639.92
Tamaulipas,2000 Materiales y suministros,22102,20000,25000,31000,33000,31000,31000,33000,30000,20000,254000
Tamaulipas,2000 Materiales y suministros,22103,18000,16200,18200,18200,18200,18200,18200,18200,16200,159600
Tamaulipas,2000 Materiales y suministros,22104,21400,30750,24400,24600,24400,30750,24400,24750,24400,229850
Tamaulipas,2000 Materiales y suministros,22106,38500,38500,38500,32500,32500,32500,32500,32500,32500,310500
Tamaulipas,2000 Materiales y suministros,23301,0,1000,5000,0,0,0,5000,0,0,11000
Tamaulipas,2000 Materiales y suministros,24601,10500,14500,10500,14500,14500,10500,14500,10500,14500,114500
Tamaulipas,2000 Materiales y suministros,26102,15000,15000,15500,15000,15500,15000,15500,15000,15000,136500
Tamaulipas,2000 Materiales y suministros,26103,124610,149500,131700,130600,130600,130600,130600,125600,122700,1176510
Tamaulipas,2000 Materiales y suministros,27101,0,287300,0,0,0,0,287300,0,0,574600
Tamaulipas,2000 Materiales y suministros,27201,10900,4500,12500,500,500,500,500,5500,8500,43900
Tamaulipas,2000 Materiales y suministros,27501,3219.96,3219.96,3219.96,3219.96,3219.96,3219.96,3219.96,3219.96,3219.96,28979.64
Tamaulipas,2000 Materiales y suministros,29101,3000,5000,3000,5000,3000,5000,3000,3000,6000,36000
Tamaulipas,2000 Materiales y suministros,29301,0,3000,3000,3000,3000,3000,3000,3000,3000,24000
Tamaulipas,2000 Materiales y suministros,29401,50000,0,0,0,0,0,0,0,0,50000
Tamaulipas,2000 Materiales y suministros,29601,0,0,0,0,0,0,0,0,10000,10000
Tamaulipas,2000 Materiales y suministros,29901,0,0,2000,2000,2000,2000,2000,2000,2000,14000
Tamaulipas,3000 Servicios generales,31101,0,200000,200000,200000,200000,200000,200000,200000,200000,1600000
Tamaulipas,3000 Servicios generales,31301,10000,10200,88200,10200,10200,10200,20200,10200,10200,179600
Tamaulipas,3000 Servicios generales,31603,3200,3200,3200,3200,3200,3200,3200,3200,3200,28800
Tamaulipas,3000 Servicios generales,31801,17400,18500,22900,18200,18500,18400,23500,17900,18500,173800
Tamaulipas,3000 Servicios generales,32201,0,0,250000,250000,250000,250000,250000,250000,250000,1750000
Tamaulipas,3000 Servicios generales,32301,200000,200000,200000,200000,200000,200000,200000,200000,200000,1800000
Tamaulipas,3000 Servicios generales,32502,417000,417000,417000,417000,417000,417000,417000,417000,417000,3753000
Tamaulipas,3000 Servicios generales,33104,0,0,200000,200000,200000,200000,200000,200000,200000,1400000
Tamaulipas,3000 Servicios generales,33201,0,0,100000,100000,100000,100000,100000,100000,100000,700000
Tamaulipas,3000 Servicios generales,33304,0,0,90000,0,0,0,0,0,0,90000
Tamaulipas,3000 Servicios generales,33401,40000,55000,160000,240000,75000,240000,100000,295000,60000,1265000
Tamaulipas,3000 Servicios generales,33602,20000,20000,20000,20000,20000,20000,20000,20000,20000,180000
Tamaulipas,3000 Servicios generales,33604,355000,355000,5000,5000,5000,5000,5000,5000,5000,745000
Tamaulipas,3000 Servicios generales,33801,0,0,55000,55000,55000,55000,55000,55000,55000,385000
Tamaulipas,3000 Servicios generales,33901,0,0,100000,0,0,0,0,0,100000,200000
Tamaulipas,3000 Servicios generales,35101,0,0,50000,50000,50000,50000,50000,50000,50000,350000
Tamaulipas,3000 Servicios generales,35501,0,0,0,0,0,0,0,0,10000,10000
Tamaulipas,3000 Servicios generales,35801,0,0,60000,60000,60000,60000,60000,60000,60000,420000
Tamaulipas,3000 Servicios generales,37101,15000,15000,15000,15000,15000,15000,15000,15000,15000,135000
Tamaulipas,3000 Servicios generales,37104,165000,172000,165000,165000,165000,172000,165000,165000,165000,1499000
Tamaulipas,3000 Servicios generales,37201,1700,1700,3400,1700,1700,3400,1700,1700,1700,18700
Tamaulipas,3000 Servicios generales,37204,64000,70000,110000,105000,105000,110000,105000,105000,105000,879000
Tamaulipas,3000 Servicios generales,37501,70550,97750,85000,84150,85000,84150,85000,84150,71400,747150
Tamaulipas,3000 Servicios generales,37504,932900,965800,978940,972440,985440,965940,965940,978940,961940,8708280
Tamaulipas,3000 Servicios generales,38201,1000,1000,1000,1000,1000,1000,1000,1000,1000,9000
Tlaxcala,2000 Materiales y suministros,21101,35000,35000,35000,35000,35000,35000,35000,35000,35000,315000
Tlaxcala,2000 Materiales y suministros,21201,25000,25000,25000,25000,25000,25000,25000,25000,25000,225000
Tlaxcala,2000 Materiales y suministros,21401,15000,15000,15000,15000,15000,15000,15000,15000,15000,135000
Tlaxcala,2000 Materiales y suministros,21501,10000,10000,10000,10000,10000,10000,10000,10000,10000,90000
Tlaxcala,2000 Materiales y suministros,21601,20000,20000,20000,20000,20000,20000,20000,20000,20000,180000
Tlaxcala,2000 Materiales y suministros,22104,15000,15000,15000,15000,15000,15000,15000,15000,15000,135000
Tlaxcala,2000 Materiales y suministros,23301,7000,7000,7000,7000,7000,7000,7000,7000,7000,63000
Tlaxcala,2000 Materiales y suministros,24601,20000,20000,20000,20000,20000,20000,20000,20000,20000,180000
Tlaxcala,2000 Materiales y suministros,26102,80000,80000,80000,80000,80000,80000,80000,80000,80000,720000
Tlaxcala,2000 Materiales y suministros,27101,0,200000,0,200000,0,200000,0,200000,0,800000
Tlaxcala,2000 Materiales y suministros,27201,15000,15000,15000,15000,15000,15000,15000,15000,15000,135000
Tlaxcala,2000 Materiales y suministros,29301,10000,10000,10000,10000,10000,10000,10000,10000,10000,90000
Tlaxcala,2000 Materiales y suministros,29401,3000,2000,2000,2000,2000,2000,2000,2000,2000,19000
Tlaxcala,2000 Materiales y suministros,29901,5000,5000,5000,5000,5000,5000,5000,5000,5000,45000
Tlaxcala,3000 Servicios generales,31101,0,40000,40000,40000,40000,40000,40000,40000,40000,320000
Tlaxcala,3000 Servicios generales,31301,0,10000,10000,10000,10000,10000,10000,10000,10000,80000
Tlaxcala,3000 Servicios generales,32201,0,160000,160000,160000,160000,160000,160000,160000,160000,1280000
Tlaxcala,3000 Servicios generales,32502,30000,30000,30000,30000,30000,30000,30000,30000,30000,270000
Tlaxcala,3000 Servicios generales,33604,10000,10000,10000,10000,10000,10000,10000,10000,10000,90000
Tlaxcala,3000 Servicios generales,35501,30000,30000,30000,50000,50000,50000,50000,50000,50000,390000
Tlaxcala,3000 Servicios generales,37501,25000,25000,25000,25000,25000,25000,25000,25000,25000,225000
Tlaxcala,3000 Servicios generales,37504,50000,50000,50000,50000,50000,50000,50000,50000,50000,450000
Tlaxcala,3000 Servicios generales,38201,25000,25000,25000,25000,25000,25000,25000,25000,25000,225000
Veracruz,2000 Materiales y suministros,21101,0,100000,90000,100000,62500,90000,100000,62500,150000,755000
Veracruz,2000 Materiales y suministros,21401,0,20000,12500,12500,15000,12500,12500,20000,12500,117500
Veracruz,2000 Materiales y suministros,21601,0,30000,20000,20000,30000,20000,20250,60000,30000,230250
Veracruz,2000 Materiales y suministros,22102,0,15000,12000,12000,12000,12000,12000,20000,20000,115000
Veracruz,2000 Materiales y suministros,22104,0,17500,41250,41250,41250,41250,41250,41250,41250,306250
Veracruz,2000 Materiales y suministros,24601,0,40000,15000,30000,15000,15000,18000,30000,30000,193000
Veracruz,2000 Materiales y suministros,24801,0,30000,38571,38571,38571,38571,38571,38571,38574,300000
Veracruz,2000 Materiales y suministros,26103,0,100000,128571,128571,128571,128571,128571,128571,128574,1000000
Veracruz,2000 Materiales y suministros,27101,0,37500,67500,67500,67500,67500,67500,67500,67500,510000
Veracruz,2000 Materiales y suministros,29201,0,20000,30000,15000,30000,15000,15000,30000,15000,170000
Veracruz,2000 Materiales y suministros,29301,0,110000,100000,150000,100000,80000,50000,50000,50000,690000
Veracruz,2000 Materiales y suministros,29401,0,15000,12500,15000,15000,15000,12500,15000,15000,115000
Veracruz,3000 Servicios generales,31101,0,17000,17000,17000,17000,17000,17000,17000,17000,136000
Veracruz,3000 Servicios generales,31301,0,10000,10000,10000,10000,10000,10000,10000,10000,80000
Veracruz,3000 Servicios generales,31401,0,10000,10000,10000,10000,10000,10000,10000,10000,80000
Veracruz,3000 Servicios generales,31603,0,5000,5000,5000,5000,5000,5000,5000,5000,40000
Veracruz,3000 Servicios generales,31801,0,5000,5000,5000,15000,5000,5000,15000,5000,60000
Veracruz,3000 Servicios generales,31904,0,12500,12500,12500,12500,12500,12500,12500,12500,100000
Veracruz,3000 Servicios generales,32201,0,73125,73125,73125,73125,73125,73125,73125,73125,585000
Veracruz,3000 Servicios generales,33602,0,12500,12500,12500,12500,12500,12500,12500,12500,100000
Veracruz,3000 Servicios generales,33604,0,150000,62860,62860,62860,62860,72860,62860,62840,600000
Veracruz,3000 Servicios generales,35102,0,25000,25000,25000,25000,25000,25000,25000,25000,200000
Veracruz,3000 Servicios generales,35701,0,12500,12500,12500,12500,12500,12500,12500,12500,100000
Veracruz,3000 Servicios generales,35901,0,15000,10000,15000,20000,15000,20000,15000,20000,130000
Veracruz,3000 Servicios generales,37204,0,60875,60875,60875,60875,60875,60875,60875,60875,487000
Veracruz,3000 Servicios generales,37504,0,125000,200000,200000,125000,200000,200000,125000,125000,1300000
Zacatecas,2000 Materiales y suministros,21101,16000,16000,16000,16000,16000,16000,16000,16000,16000,144000
Zacatecas,2000 Materiales y suministros,21201,2000,2000,2000,2000,2000,2000,2000,2000,2000,18000
Zacatecas,2000 Materiales y suministros,21401,25000,25000,25000,25000,25000,25000,25000,25000,25000,225000
Zacatecas,2000 Materiales y suministros,21501,30000,0,0,0,0,0,0,0,0,30000
Zacatecas,2000 Materiales y suministros,21601,17000,17000,17000,17000,17000,17000,17000,17000,17000,153000
Zacatecas,2000 Materiales y suministros,22103,20000,20000,20000,20000,20000,20000,20000,20000,20000,180000
Zacatecas,2000 Materiales y suministros,22106,5000,5000,5000,5000,5000,5000,5000,5000,5000,45000
Zacatecas,2000 Materiales y suministros,22301,0,20000,0,0,20000,0,0,20000,0,60000
Zacatecas,2000 Materiales y suministros,24601,10000,10000,10000,10000,10000,10000,10000,10000,10000,90000
Zacatecas,2000 Materiales y suministros,25301,0,15000,0,0,15000,0,0,15000,0,45000
Zacatecas,2000 Materiales y suministros,26102,95000,95000,95000,95000,95000,95000,95000,95000,95000,855000
Zacatecas,2000 Materiales y suministros,27101,0,310000,0,0,0,0,0,0,0,310000
Zacatecas,2000 Materiales y suministros,27201,0,0,32000,0,0,32000,0,0,32000,96000
Zacatecas,2000 Materiales y suministros,29201,3000,3000,3000,3000,3000,3000,3000,3000,3000,27000
Zacatecas,2000 Materiales y suministros,29601,15000,15000,15000,15000,15000,15000,15000,15000,15000,135000
Zacatecas,3000 Servicios generales,31101,0,60000,0,60000,0,60000,0,60000,0,240000
Zacatecas,3000 Servicios generales,31301,0,10000,10000,10000,10000,10000,10000,10000,10000,80000
Zacatecas,3000 Servicios generales,31801,10000,10000,10000,10000,10000,10000,10000,10000,10000,90000
Zacatecas,3000 Servicios generales,32201,119480,119480,119480,139480,139480,139480,139480,139480,139480,1195320
Zacatecas,3000 Servicios generales,33105,0,0,0,100000,0,0,0,0,0,100000
Zacatecas,3000 Servicios generales,33401,0,0,0,120000,0,0,0,0,0,120000
Zacatecas,3000 Servicios generales,33602,4000,4000,4000,4000,4000,4000,4000,4000,4000,36000
Zacatecas,3000 Servicios generales,34701,0,0,20000,20000,0,0,0,0,0,40000
Zacatecas,3000 Servicios generales,35101,0,0,650000,650000,0,0,0,0,0,1300000
Zacatecas,3000 Servicios generales,35501,30000,30000,30000,30000,30000,30000,30000,30000,30000,270000
Zacatecas,3000 Servicios generales,37501,180000,180000,180000,180000,180000,180000,180000,180000,180000,1620000
Zacatecas,3000 Servicios generales,37901,20000,20000,20000,20000,20000,20000,20000,20000,20000,180000
Zacatecas,3000 Servicios generales,38102,0,10000,0,10000,0,10000,0,10000,0,40000
Zacatecas,3000 Servicios generales,38201,3000,3000,3000,3000,3000,3000,3000,3000,3000,27000
